{
  "embedding_size": 1024,
  "data": [
    0.040908813,-0.0089874268,0.01210022,-0.037521362,-0.0091171265,0.019298553,-0.03527832,-0.055923462,
    -0.051971436,0.037902832,0.11248016,0.28276062,0.16722107,0.063457489,-0.04246521,0.046081543,
    0.26660156,0.070739746,0.14635468,0.29124832,0.073703766,0.065124512,0.013366699,-0.012878418,
    -0.02130127,0.013191223,-0.0548172,0.47164917,0.093566895,-0.075286865,0.08454895,-0.019851685,
    -0.017311096,-0.13587523,-0.81873703,0.08039856,0.0090026855,0.14300537,0.22224426,0.037651062,
    0.028457642,-0.055038452,-0.071502686,-0.093015671,0.022369385,0.16668701,-0.013175964,-0.0072479248,
    0.044326782,0.13620377,0.028167725,0.034011841,-0.089813232,-0.056873322,0.047744751,-0.038085938,
    -0.15080261,-0.061538696,0.088912964,0.0043735504,0.039962769,0.039489746,0.16218567,-0.035583496,
    -0.129776,0.11177063,0.16275024,0.11377716,0.10723877,0.092453003,-0.14558411,-0.076667786,
    -0.78302002,0.12898254,0.055221558,0.12014771,-0.032501221,0.03326416,-0.0013122559,0.24609375,
    -0.058456421,0.041809082,0.081115723,0.01424408,-0.16137695,-0.11872864,-0.19247437,-0.066078186,
    0.031524658,0.14556885,-0.057983398,0.020812988,-0.046340942,-0.10398865,0.083343506,-0.0011749268,
    0.027404785,0.02116394,0.061538696,-0.10751343,0.2427063,0.065422058,0.18447876,-0.10733032,
    -0.12886047,0.070419312,-0.0068969727,-0.12202454,0.12528992,-0.014640808,-0.078536987,-0.0086212158,
    0.13180542,0.060928345,0.034141541,-0.17932129,-0.048751831,-0.058532715,-0.060310364,0.033149719,
    -0.074111938,-0.062408447,0.0083007812,0.0087127686,0.070861816,-0.046188354,-0.082054138,0.017345428,
    -0.020622253,-0.090240479,-0.062095642,0.11924744,-0.075935364,-0.061950684,0.01461792,-0.084777832,
    0.088577271,0.086624146,0.01399231,0.14622498,-0.039001465,0.10483551,-0.13821411,-0.056838989,
    0.15180969,0.015289307,-0.16512299,-0.089553833,-0.037002563,-0.14832306,-0.010940552,-0.029518127,
    -0.062198639,0.053199768,-0.033569336,0.064720154,-0.17745209,0.023208618,-0.098861694,0.066696167,
    -0.056213379,-0.039680481,-0.12210083,-0.00077819824,0.012756348,0.0047302246,-0.062652588,0.018028259,
    -0.12339783,0.10861206,-0.033882141,-0.010774612,0.073425293,-0.073272705,-0.031143188,4.8886719,
    -0.053131104,0.0078964233,0.22778702,-0.097747803,-0.10147095,-0.07270813,-0.14646912,0.016967773,
    -0.014312744,-0.13479614,-0.038604736,-0.018707275,-0.03805542,0.055328369,0.06048584,-0.20014191,
    0.071090698,-0.0073699951,0.11947632,-0.087036133,-0.012077332,0.054382324,-0.046890259,-0.013526917,
    -0.096794128,-0.0097198486,0.039123535,-0.089477539,-0.014251709,-0.0082855225,0.018371582,0.02494812,
    -0.0020904541,-0.10120392,0.15590668,0.00061035156,-0.07244873,0.044212341,0.14170837,0.012283325,
    0.022964478,-0.16233826,0.065460205,-0.0040893555,-0.011482239,-0.11185837,0.018173218,0.099533081,
    -0.15907288,-0.080940247,-0.015647888,0.095378876,0.034576416,-0.0082092285,0.11695862,0.12382889,
    0.045013428,-0.00071716309,0.20452881,-0.10417175,0.016845703,-0.12265015,0.04019165,0.085540771,
    0.074295044,-0.076660156,0.20310974,-0.030792236,0.015155792,-0.048828125,-0.038406372,0.052185059,
    0.015136719,0.0028381348,0.13464355,-0.10075378,0.041175842,-0.036651611,0.073272705,-0.044189453,
    -0.036468506,-0.038707733,0.017837524,0.15534973,0.0095062256,-0.066619873,-0.081970215,0.080123901,
    0.11066437,0.054748535,-0.087280273,-0.046356201,-0.16816711,0.11165619,-0.077270508,0.032836914,
    -0.027633667,0.06652832,-0.040840149,-0.19744873,0.074389458,-0.14472961,0.087844849,0.02620697,
    0.13217926,0.09375,0.13739014,0.10923004,0.10890961,0.058380127,-0.04637146,0.1453476,
    -0.031600952,-0.011672974,0.085632324,0.00098419189,0.09552002,-0.041656494,0.071136475,0.039932251,
    0.068740845,-0.040252686,-0.046417236,0.051208496,-0.082824707,-0.078895569,-0.16065979,-0.012817383,
    -0.072776794,-0.052520752,0.059173584,-0.044067383,-0.3319397,-0.10271835,0.030059814,0.070404053,
    -0.01133728,0.072540283,0.18719482,-0.047042847,-0.021560669,-0.2946167,0.087402344,0.10627365,
    -0.021629333,0.016319275,-0.016235352,-0.029289246,-0.001953125,0.1529541,-0.021026611,-0.057846069,
    -0.054534912,-0.047912598,0.061126709,0.0023269653,0.038269043,0.020172119,0.1282196,-0.072372437,
    -0.073638916,-0.034309387,0.040336609,-0.022628784,0.057922363,0.012207031,-0.060949326,0.19586182,
    0.006942749,-0.005859375,-0.37366486,0.066833496,0.085594177,-0.084533691,-0.015808105,0.014533997,
    0.02444458,0.11404419,0.05544281,0.028991699,0.031509399,-0.075584412,-0.042922974,0.028450012,
    0.0055236816,0.052383423,-0.0093231201,-0.009803772,-0.15003967,0.050765991,-0.036102295,0.14051819,
    0.054710388,-0.0362854,0.046470642,-0.019195557,0.18395996,-0.096435547,-0.10240936,-0.013504028,
    0.10784149,-7.2958984,0.11925507,0.094497681,0.18507385,-0.0039215088,0.16256714,-0.036582947,
    -0.021102905,0.13092804,0.049591064,-0.085533142,0.15039062,0.072555542,0.049789429,0.062866211,
    -0.1190567,-0.23895264,-0.020507812,0.039932251,-0.068725586,-0.027290344,-0.091163635,-0.0031356812,
    -0.062988281,0.0061035156,-0.13803101,-0.06439209,-0.075698853,-0.091461182,-0.0037841797,0.057525635,
    0.030456543,-0.01260376,0.057792664,-0.11643982,0.029693604,-0.073776245,-0.013946533,-0.0055160522,
    -0.79296875,0.075202942,0.03276062,-0.047943115,0.12887573,0.090774536,-0.030403137,0.05380249,
    0.11579895,-0.039367676,0.061141968,0.13253784,-0.076583862,-0.0071258545,0.096954346,0.25674438,
    -0.040222168,0.13305664,-0.12347412,-0.0036315918,0.06149292,-0.10392761,-0.059669495,-0.068878174,
    -0.058288574,-0.015594482,0.0098876953,0.039672852,0.025909424,-0.0015258789,0.071395874,-0.10520935,
    -0.18731689,-0.01550293,0.071990967,0.022399902,0.051597595,-0.18348312,0.19752502,-0.12255859,
    -0.013648987,0.024658203,0.19691467,-0.00415802,0.027603149,-0.03074646,-0.02923584,-0.029800415,
    0.12953186,0.085174561,0.1163559,-0.066741943,0.12110901,-0.0077285767,0.027168274,0.088432312,
    0.16159058,0.021369934,-0.033966064,-0.044570923,-0.095214844,-0.018798828,-0.014602661,-0.047401428,
    -0.020202637,0.13210297,0.015930176,-0.073383331,-0.10418701,0.09749794,0.056625366,0.04460144,
    -0.12548828,0.026611328,0.008605957,-0.034957886,0.056381226,0.013549805,-0.057502747,-0.057159424,
    0.037445068,-0.11697769,0.13424683,-0.019790649,-0.065673828,0.080505371,0.04524231,-0.23009491,
    0.2246933,0.13482666,0.0067138672,0.031890869,0.025161743,-0.021957397,-0.0023040771,0.27610779,
    0.026428223,-0.053337097,0.028808594,0.020584106,-0.21266174,0.09287262,0.060424805,-0.14411926,
    -0.041748047,0.010498047,0.15213013,-0.031814575,0.15361023,-0.030479431,0.046546936,0.084106445,
    -0.070884705,0.076408386,-0.072357178,-0.13434601,-0.041870117,-0.013885498,-0.050750732,0.10850525,
    0.54075623,0.015632629,0.061355591,0.071060181,0.039611816,-0.047035217,0.030082703,0.052139282,
    -0.15020752,0.17360687,0.074783325,-0.044326782,0.067810059,-0.047821045,-0.068954468,0.003112793,
    0.084510803,0.14414978,-0.0028839111,0.0099868774,-0.094894409,0.030899048,0.0086517334,0.024902344,
    -0.026283264,-0.095123291,-0.010696411,0.11264038,0.010635376,0.15736389,0.19061279,-0.0056762695,
    0.2384491,0.069274902,-0.0043945312,0.13499451,0.072433472,-0.0068759918,-0.050460815,-0.10369873,
    0.084365845,-1.2910461,-0.04864502,-0.23646545,-0.019714355,0.017051697,-0.062179565,-0.1401825,
    0.49816895,-0.1053009,0.073883057,-0.20889282,-0.1900177,-0.1786499,0.15965271,-0.047119141,
    -0.13499451,-0.04447937,-0.045066833,0.08899498,0.16651535,-0.062438965,-0.066581726,-0.11562347,
    -0.071624756,0.09703064,-0.048156738,-0.084884644,-0.099609375,-0.0034484863,0.091339111,-0.011169434,
    0.13095093,-0.034912109,0.071670532,-0.061187744,0.0048828125,0.060531616,0.093414307,-0.016952515,
